"customer_id","email","first_name","last_name","contact_number","card_number"
1,"James.Taylor1@gmail.com","James","Taylor","044-75926692265","8266114733694112"
2,"Ethan.Wright2@gmail.com","Ethan","Wright","044-74486760797","5198252701443629"
3,"Ava.Harris3@gmail.com","Ava","Harris","044-91535820679","6961112780670828"
4,"Bob.Davis4@gmail.com","Bob","Davis","044-78139914188","1373152626666770"
5,"Olivia.Roberts5@gmail.com","Olivia","Roberts","044-71001980317","4805899776609872"
6,"Amelia.Hill6@gmail.com","Amelia","Hill","044-78248801476","7503246177379510"
7,"Liam.Baker7@gmail.com","Liam","Baker","044-99559608011","8244839225936825"
8,"Michael.Clark8@gmail.com","Michael","Clark","044-76868833151","4832634767576059"
9,"Ella.Green9@gmail.com","Ella","Green","044-76864566162","5938893482216026"
10,"Ava.Clark10@gmail.com","Ava","Clark","044-92995904288","1840988617656911"
11,"Michael.Johnson11@gmail.com","Michael","Johnson","044-78795723543","4698653229120003"
12,"Ethan.Wright12@gmail.com","Ethan","Wright","044-73916345658","2161169337828254"
13,"Daniel.Lopez13@gmail.com","Daniel","Lopez","044-75248063370","1504222582144617"
14,"Bob.Baker14@gmail.com","Bob","Baker","044-91169655601","6674128224679326"
15,"Emma.Carter15@gmail.com","Emma","Carter","044-98856556313","7068295384884555"
16,"William.King16@gmail.com","William","King","044-74439990646","7376647069640662"
17,"Olivia.Clark17@gmail.com","Olivia","Clark","044-76484036299","2808650749842053"
18,"Daniel.Davis18@gmail.com","Daniel","Davis","044-79939821751","7887637400423219"
19,"Ethan.Smith19@gmail.com","Ethan","Smith","044-93376460274","2947042510607219"
20,"Emily.Walker20@gmail.com","Emily","Walker","044-77399779056","2470136493704659"
21,"Ava.Carter21@gmail.com","Ava","Carter","044-99492782894","0961942151223841"
22,"Benjamin.Wright22@gmail.com","Benjamin","Wright","044-79851027986","8060505791491425"
23,"Liam.Harris23@gmail.com","Liam","Harris","044-92449583859","5853168307285223"
24,"William.Wright24@gmail.com","William","Wright","044-72607049526","5165636938488208"
25,"Mia.Carter25@gmail.com","Mia","Carter","044-71094502456","8236897250886709"
26,"James.Walker26@gmail.com","James","Walker","044-78652893779","7175816682241390"
27,"Olivia.Brown27@gmail.com","Olivia","Brown","044-99012285569","9497458208107812"
28,"Noah.Davis28@gmail.com","Noah","Davis","044-94652738246","5061492617232213"
29,"William.Carter29@gmail.com","William","Carter","044-75097228933","3552844744260107"
30,"Daniel.Roberts30@gmail.com","Daniel","Roberts","044-74938744778","0191527057037205"
31,"Daniel.Scott31@gmail.com","Daniel","Scott","044-95537155774","2405407844733343"
32,"Olivia.Hall32@gmail.com","Olivia","Hall","044-78926632050","5930744920123933"
33,"William.Carter33@gmail.com","William","Carter","044-78355907130","9080430684858280"
34,"Sophia.Harris34@gmail.com","Sophia","Harris","044-95018546748","2510940557050554"
35,"Alice.Walker35@gmail.com","Alice","Walker","044-76040178467","9892846159682855"
36,"Michael.Hill36@gmail.com","Michael","Hill","044-91370559090","7350359664027076"
37,"Emma.Lopez37@gmail.com","Emma","Lopez","044-97817304195","2077680705149293"
38,"Mia.Johnson38@gmail.com","Mia","Johnson","044-97268154553","7584001980180137"
39,"Noah.Harris39@gmail.com","Noah","Harris","044-99386546933","7489036516210553"
40,"Amelia.Lopez40@gmail.com","Amelia","Lopez","044-99760828546","4497596201944600"
41,"John.Hill41@gmail.com","John","Hill","044-91601704609","9114029821082189"
42,"Sophia.Taylor42@gmail.com","Sophia","Taylor","044-96003745447","9557310166349098"
43,"James.Walker43@gmail.com","James","Walker","044-96822994509","6464176978256270"
44,"Daniel.Roberts44@gmail.com","Daniel","Roberts","044-71099409094","8582258824615742"
45,"James.Davis45@gmail.com","James","Davis","044-91098134714","9433601426746257"
46,"Charlotte.Lopez46@gmail.com","Charlotte","Lopez","044-73780359850","9597952605416223"
47,"Ella.Hill47@gmail.com","Ella","Hill","044-72384579150","0541690447203713"
48,"Sophia.Wright48@gmail.com","Sophia","Wright","044-72380091686","7745686317706195"
49,"Liam.Smith49@gmail.com","Liam","Smith","044-71296071660","3592587862791777"
50,"Emma.Walker50@gmail.com","Emma","Walker","044-76487935449","1084625782076426"
51,"William.Walker51@gmail.com","William","Walker","044-71307662516","3848688632817096"
52,"Charlotte.Hall52@gmail.com","Charlotte","Hall","044-77417933164","1921470071723613"
53,"Benjamin.Walker53@gmail.com","Benjamin","Walker","044-96170037639","0267261189601880"
54,"Amelia.Adams54@gmail.com","Amelia","Adams","044-93471459701","5586827959883884"
55,"Benjamin.Green55@gmail.com","Benjamin","Green","044-75914095437","0124706946891522"
56,"Alice.Clark56@gmail.com","Alice","Clark","044-71549994547","7614520878077799"
57,"Emily.Clark57@gmail.com","Emily","Clark","044-72749197479","7771112188649510"
58,"Noah.Hall58@gmail.com","Noah","Hall","044-76406511560","1194721788614829"
59,"Michael.Harris59@gmail.com","Michael","Harris","044-71873661645","8471575953078551"
60,"Ethan.Smith60@gmail.com","Ethan","Smith","044-72750735500","8729285696484396"
61,"Ella.Baker61@gmail.com","Ella","Baker","044-99802185714","2226451355943265"
62,"Ava.Hall62@gmail.com","Ava","Hall","044-79915743615","1867754884909126"
63,"Bob.Lopez63@gmail.com","Bob","Lopez","044-92458420708","5510281977833016"
64,"Emma.Harris64@gmail.com","Emma","Harris","044-78610267269","7844590945409477"
65,"Charlotte.Harris65@gmail.com","Charlotte","Harris","044-93862649971","0629366658382278"
66,"Mia.Carter66@gmail.com","Mia","Carter","044-98117687314","0390948473102674"
67,"Ava.Clark67@gmail.com","Ava","Clark","044-95133600384","1894595635582494"
68,"Bob.Carter68@gmail.com","Bob","Carter","044-95853486468","8502712906247800"
69,"Ava.Green69@gmail.com","Ava","Green","044-99554526482","0474334781722474"
70,"William.Green70@gmail.com","William","Green","044-71322757526","6987955388408974"
71,"Bob.Wilson71@gmail.com","Bob","Wilson","044-91181970366","8698497628841337"
72,"James.Hill72@gmail.com","James","Hill","044-71490701303","7041809046505396"
73,"Michael.Hill73@gmail.com","Michael","Hill","044-77560144489","1618071776317859"
74,"Emma.Taylor74@gmail.com","Emma","Taylor","044-79645947765","4738212079257032"
75,"Ethan.Smith75@gmail.com","Ethan","Smith","044-74485254232","1264253649389111"
76,"Olivia.Hall76@gmail.com","Olivia","Hall","044-73506402583","4443962719435641"
77,"Amelia.Scott77@gmail.com","Amelia","Scott","044-78570974530","8067200407237926"
78,"Olivia.Scott78@gmail.com","Olivia","Scott","044-79896708863","4041863329303269"
79,"Mia.Clark79@gmail.com","Mia","Clark","044-74721827204","6649544980436085"
80,"Alice.Green80@gmail.com","Alice","Green","044-79769985822","6966839286038040"
81,"Olivia.Carter81@gmail.com","Olivia","Carter","044-98292628794","6407036264552692"
82,"Mia.Taylor82@gmail.com","Mia","Taylor","044-99103998527","4323973098844647"
83,"Ella.Adams83@gmail.com","Ella","Adams","044-75396743123","5051354209393975"
84,"Ava.Scott84@gmail.com","Ava","Scott","044-75989937609","7953674936834017"
85,"Benjamin.Wilson85@gmail.com","Benjamin","Wilson","044-77078483926","6443562383536275"
86,"Ava.Carter86@gmail.com","Ava","Carter","044-96893387885","1156227882164192"
87,"Bob.Brown87@gmail.com","Bob","Brown","044-99853022962","1256530395277539"
88,"Emma.Hill88@gmail.com","Emma","Hill","044-73182509336","1599607440004351"
89,"Ava.Smith89@gmail.com","Ava","Smith","044-93054604847","8221737045146742"
90,"Ethan.Johnson90@gmail.com","Ethan","Johnson","044-74521201399","4353976685442095"
91,"James.Davis91@gmail.com","James","Davis","044-93762666679","2967973135614016"
92,"Benjamin.Hall92@gmail.com","Benjamin","Hall","044-75669585737","9697492678719896"
93,"Liam.Smith93@gmail.com","Liam","Smith","044-92718718658","6319060335380879"
94,"William.Wilson94@gmail.com","William","Wilson","044-77347474448","0096407444096635"
95,"James.Walker95@gmail.com","James","Walker","044-72464282981","1010823558828975"
96,"Sophia.Lopez96@gmail.com","Sophia","Lopez","044-79672364048","6379415852721576"
97,"Ava.Adams97@gmail.com","Ava","Adams","044-97792246426","3097991351042529"
98,"William.Hall98@gmail.com","William","Hall","044-93384476977","8392355617307519"
99,"Olivia.Taylor99@gmail.com","Olivia","Taylor","044-77217212250","9882158270116454"
100,"Michael.Clark100@gmail.com","Michael","Clark","044-97648571444","4337809397176148"
